RL/Ohm,U_orig/V,I_orig/A,U_thev/V,I_thev/A,rel_err
0.1,0.098039216,0.980392157,0.098039216,0.980392157,0.000e+00
0.110069,0.107698554,0.978460289,0.107698554,0.978460289,0.000e+00
0.121153,0.118286616,0.976342677,0.118286616,0.976342677,0.000e+00
0.133352,0.129887975,0.974022405,0.129887975,0.974022405,0.000e+00
0.14678,0.142593941,0.971481212,0.142593941,0.971481212,0.000e+00
0.16156,0.156502894,0.968699421,0.156502894,0.968699421,0.000e+00
0.177828,0.171720597,0.965655881,0.171720597,0.965655881,0.000e+00
0.195734,0.188360462,0.962327908,0.188360462,0.962327908,0.000e+00
0.215443,0.206543768,0.958691246,0.206543768,0.958691246,0.000e+00
0.237137,0.226399800,0.954720040,0.226399800,0.954720040,0.000e+00
0.261016,0.248065902,0.950386820,0.248065902,0.950386820,0.000e+00
0.287298,0.271687407,0.945662519,0.271687407,0.945662519,0.000e+00
0.316228,0.297417436,0.940516513,0.297417436,0.940516513,0.000e+00
0.34807,0.325416510,0.934916698,0.325416510,0.934916698,0.000e+00
0.383119,0.355851977,0.928829605,0.355851977,0.928829605,0.000e+00
0.421697,0.388897187,0.922220563,0.388897187,0.922220563,0.000e+00
0.464159,0.424730405,0.915053919,0.424730405,0.915053919,0.000e+00
0.510897,0.463533413,0.907293317,0.463533413,0.907293317,0.000e+00
0.562341,0.505489768,0.898902046,0.505489768,0.898902046,2.196e-16
0.618966,0.550782687,0.889843463,0.550782687,0.889843463,0.000e+00
0.681292,0.599592541,0.880081492,0.599592541,0.880081492,0.000e+00
0.749894,0.652093919,0.869581216,0.652093919,0.869581216,0.000e+00
0.825404,0.708452288,0.858309542,0.708452288,0.858309542,0.000e+00
0.908518,0.768820236,0.846235953,0.768820236,0.846235953,0.000e+00
1,0.833333333,0.833333333,0.833333333,0.833333333,0.000e+00
1.10069,0.902105679,0.819578864,0.902105679,0.819578864,2.461e-16
1.21153,0.975225198,0.804954960,0.975225198,0.804954960,2.277e-16
1.33352,1.052748812,0.789450238,1.052748812,0.789450238,2.109e-16
1.4678,1.134697605,0.773060479,1.134697605,0.773060479,0.000e+00
1.6156,1.221052182,0.755789564,1.221052182,0.755789564,1.818e-16
1.77828,1.311748382,0.737650324,1.311748382,0.737650324,1.693e-16
1.95734,1.406673585,0.718665283,1.406673585,0.718665283,1.579e-16
2.15443,1.505663818,0.698867236,1.505663818,0.698867236,1.475e-16
2.37137,1.608501889,0.678299622,1.608501889,0.678299622,0.000e+00
2.61016,1.714916750,0.657016650,1.714916750,0.657016650,2.590e-16
2.87298,1.824584255,0.635083149,1.824584255,0.635083149,2.434e-16
3.16228,1.937129434,0.612574113,1.937129434,0.612574113,2.293e-16
3.4807,2.052130335,0.589573933,2.052130335,0.589573933,2.164e-16
3.83119,2.169123423,0.566175315,2.169123423,0.566175315,2.047e-16
4.21697,2.287610411,0.542477918,2.287610411,0.542477918,0.000e+00
4.64159,2.407066363,0.518586727,2.407066363,0.518586727,0.000e+00
5.10897,2.526948783,0.494610243,2.526948783,0.494610243,0.000e+00
5.62341,2.646707380,0.470658524,2.646707380,0.470658524,0.000e+00
6.18966,2.765794131,0.446841174,2.765794131,0.446841174,0.000e+00
6.81292,2.883673254,0.423265349,2.883673254,0.423265349,0.000e+00
7.49894,2.999830721,0.400033856,2.999830721,0.400033856,0.000e+00
8.25404,3.113782929,0.377243414,3.113782929,0.377243414,0.000e+00
9.08518,3.225084271,0.354983146,3.225084271,0.354983146,0.000e+00
10,3.333333333,0.333333333,3.333333333,0.333333333,0.000e+00
11.0069,3.438177608,0.312364478,3.438177608,0.312364478,2.583e-16
12.1153,3.539316623,0.292136675,3.539316623,0.292136675,0.000e+00
13.3352,3.636503530,0.272699294,3.636503530,0.272699294,1.221e-16
14.678,3.729545213,0.254090957,3.729545213,0.254090957,2.381e-16
16.156,3.818301074,0.236339785,3.818301074,0.236339785,0.000e+00
17.7828,3.902680686,0.219463863,3.902680686,0.219463863,0.000e+00
19.5734,3.982640503,0.203471899,3.982640503,0.203471899,0.000e+00
21.5443,4.058179879,0.188364024,4.058179879,0.188364024,2.189e-16
23.7137,4.129336598,0.174132680,4.129336598,0.174132680,0.000e+00
26.1016,4.196182113,0.160763577,4.196182113,0.160763577,2.117e-16
28.7298,4.258816709,0.148236658,4.258816709,0.148236658,2.086e-16
31.6228,4.317364703,0.136527059,4.317364703,0.136527059,0.000e+00
34.807,4.371969847,0.125606031,4.371969847,0.125606031,2.032e-16
38.3119,4.422791007,0.115441799,4.422791007,0.115441799,0.000e+00
42.1697,4.469998191,0.106000362,4.469998191,0.106000362,1.987e-16
46.4159,4.513768977,0.097246205,4.513768977,0.097246205,0.000e+00
51.0897,4.554285350,0.089142930,4.554285350,0.089142930,0.000e+00
56.2341,4.591730968,0.081653806,4.591730968,0.081653806,1.934e-16
61.8966,4.626288828,0.074742234,4.626288828,0.074742234,0.000e+00
68.1292,4.658139325,0.068372135,4.658139325,0.068372135,0.000e+00
74.9894,4.687458670,0.062508266,4.687458670,0.062508266,0.000e+00
82.5404,4.714417632,0.057116474,4.714417632,0.057116474,0.000e+00
90.8518,4.739180578,0.052163884,4.739180578,0.052163884,0.000e+00
100,4.761904762,0.047619048,4.761904762,0.047619048,0.000e+00
110.069,4.782739840,0.043452032,4.782739840,0.043452032,0.000e+00
121.153,4.801827571,0.039634486,4.801827571,0.039634486,1.850e-16
133.352,4.819301679,0.036139664,4.819301679,0.036139664,0.000e+00
146.78,4.835287837,0.032942433,4.835287837,0.032942433,0.000e+00
161.56,4.849903767,0.030019247,4.849903767,0.030019247,0.000e+00
177.828,4.863259413,0.027348117,4.863259413,0.027348117,0.000e+00
195.734,4.875457183,0.024908563,4.875457183,0.024908563,1.822e-16
215.443,4.886592240,0.022681552,4.886592240,0.022681552,0.000e+00
237.137,4.896752823,0.020649435,4.896752823,0.020649435,1.814e-16
261.016,4.906020592,0.018795882,4.906020592,0.018795882,1.810e-16
287.298,4.914470990,0.017105802,4.914470990,0.017105802,0.000e+00
316.228,4.922173602,0.015565280,4.922173602,0.015565280,0.000e+00
348.07,4.929192523,0.014161495,4.929192523,0.014161495,0.000e+00
383.119,4.935586714,0.012882657,4.935586714,0.012882657,1.800e-16
421.697,4.941410347,0.011717931,4.941410347,0.011717931,1.797e-16
464.159,4.946713148,0.010657370,4.946713148,0.010657370,0.000e+00
510.897,4.951540712,0.009691858,4.951540712,0.009691858,1.794e-16
562.341,4.955934816,0.008813037,4.955934816,0.008813037,0.000e+00
618.966,4.959933703,0.008013259,4.959933703,0.008013259,0.000e+00
681.292,4.963572361,0.007285528,4.963572361,0.007285528,1.789e-16
749.894,4.966882777,0.006623445,4.966882777,0.006623445,0.000e+00
825.404,4.969894179,0.006021164,4.969894179,0.006021164,1.787e-16
908.518,4.972633258,0.005473348,4.972633258,0.005473348,0.000e+00
1000,4.975124378,0.004975124,4.975124378,0.004975124,1.785e-16
1100.69,4.977389770,0.004522046,4.977389770,0.004522046,1.784e-16
1211.53,4.979449707,0.004110059,4.979449707,0.004110059,0.000e+00
1333.52,4.981322675,0.003735465,4.981322675,0.003735465,1.783e-16
1467.8,4.983025521,0.003394896,4.983025521,0.003394896,0.000e+00
1615.6,4.984573597,0.003085281,4.984573597,0.003085281,1.782e-16
1778.28,4.985980885,0.002803823,4.985980885,0.002803823,0.000e+00
1957.34,4.987260119,0.002547976,4.987260119,0.002547976,0.000e+00
2154.43,4.988422896,0.002315421,4.988422896,0.002315421,1.780e-16
2371.37,4.989479769,0.002104046,4.989479769,0.002104046,0.000e+00
2610.16,4.990440345,0.001911931,4.990440345,0.001911931,1.780e-16
2872.98,4.991313366,0.001737327,4.991313366,0.001737327,1.779e-16
3162.28,4.992106786,0.001578643,4.992106786,0.001578643,0.000e+00
3480.7,4.992827841,0.001434432,4.992827841,0.001434432,0.000e+00
3831.19,4.993483112,0.001303378,4.993483112,0.001303378,0.000e+00
4216.97,4.994078587,0.001184283,4.994078587,0.001184283,0.000e+00
4641.59,4.994619709,0.001076058,4.994619709,0.001076058,0.000e+00
5108.97,4.995111430,0.000977714,4.995111430,0.000977714,1.778e-16
5623.41,4.995558251,0.000888350,4.995558251,0.000888350,0.000e+00
6189.66,4.995964265,0.000807147,4.995964265,0.000807147,0.000e+00
6812.92,4.996333193,0.000733361,4.996333193,0.000733361,1.778e-16
7498.94,4.996668418,0.000666316,4.996668418,0.000666316,0.000e+00
8254.04,4.996973014,0.000605397,4.996973014,0.000605397,0.000e+00
9085.18,4.997249778,0.000550044,4.997249778,0.000550044,1.777e-16
10000,4.997501249,0.000499750,4.997501249,0.000499750,1.777e-16
