频率_Hz,仿真增益_V,仿真增益_dB,理论增益_V,理论增益_dB,仿真相位_deg,理论相位_deg
10.00,0.998031905,-0.017112,0.998031905,-0.017112,-3.595274,-3.595274
10.12,0.997986200,-0.017509,0.997986200,-0.017509,-3.636794,-3.636794
10.23,0.997939438,-0.017916,0.997939438,-0.017916,-3.678791,-3.678791
10.35,0.997891593,-0.018333,0.997891593,-0.018333,-3.721270,-3.721270
10.47,0.997842640,-0.018759,0.997842640,-0.018759,-3.764238,-3.764238
10.59,0.997792555,-0.019195,0.997792555,-0.019195,-3.807698,-3.807698
10.72,0.997741311,-0.019641,0.997741311,-0.019641,-3.851657,-3.851657
10.84,0.997688882,-0.020097,0.997688882,-0.020097,-3.896121,-3.896121
10.96,0.997635240,-0.020564,0.997635240,-0.020564,-3.941094,-3.941094
11.09,0.997580357,-0.021042,0.997580357,-0.021042,-3.986584,-3.986584
11.22,0.997524206,-0.021531,0.997524206,-0.021531,-4.032595,-4.032595
11.35,0.997466756,-0.022031,0.997466756,-0.022031,-4.079133,-4.079133
11.48,0.997407978,-0.022543,0.997407978,-0.022543,-4.126205,-4.126205
11.61,0.997347842,-0.023067,0.997347842,-0.023067,-4.173816,-4.173816
11.75,0.997286317,-0.023603,0.997286317,-0.023603,-4.221973,-4.221973
11.89,0.997223370,-0.024151,0.997223370,-0.024151,-4.270681,-4.270681
12.02,0.997158969,-0.024712,0.997158969,-0.024712,-4.319947,-4.319947
12.16,0.997093082,-0.025286,0.997093082,-0.025286,-4.369777,-4.369777
12.30,0.997025673,-0.025873,0.997025673,-0.025873,-4.420178,-4.420178
12.45,0.996956708,-0.026474,0.996956708,-0.026474,-4.471154,-4.471154
12.59,0.996886151,-0.027089,0.996886151,-0.027089,-4.522714,-4.522714
12.74,0.996813966,-0.027718,0.996813966,-0.027718,-4.574864,-4.574864
12.88,0.996740117,-0.028361,0.996740117,-0.028361,-4.627610,-4.627610
13.03,0.996664564,-0.029020,0.996664564,-0.029020,-4.680958,-4.680958
13.18,0.996587269,-0.029693,0.996587269,-0.029693,-4.734916,-4.734916
13.34,0.996508192,-0.030383,0.996508192,-0.030383,-4.789490,-4.789490
13.49,0.996427292,-0.031088,0.996427292,-0.031088,-4.844687,-4.844687
13.65,0.996344529,-0.031809,0.996344529,-0.031809,-4.900514,-4.900514
13.80,0.996259859,-0.032547,0.996259859,-0.032547,-4.956979,-4.956979
13.96,0.996173240,-0.033303,0.996173240,-0.033303,-5.014087,-5.014087
14.13,0.996084626,-0.034075,0.996084626,-0.034075,-5.071846,-5.071846
14.29,0.995993972,-0.034866,0.995993972,-0.034866,-5.130264,-5.130264
14.45,0.995901233,-0.035675,0.995901233,-0.035675,-5.189347,-5.189347
14.62,0.995806360,-0.036502,0.995806360,-0.036502,-5.249103,-5.249103
14.79,0.995709306,-0.037349,0.995709306,-0.037349,-5.309539,-5.309539
14.96,0.995610020,-0.038215,0.995610020,-0.038215,-5.370663,-5.370663
15.14,0.995508452,-0.039101,0.995508452,-0.039101,-5.432483,-5.432483
15.31,0.995404550,-0.040008,0.995404550,-0.040008,-5.495005,-5.495005
15.49,0.995298262,-0.040935,0.995298262,-0.040935,-5.558238,-5.558238
15.67,0.995189534,-0.041884,0.995189534,-0.041884,-5.622189,-5.622189
15.85,0.995078309,-0.042855,0.995078309,-0.042855,-5.686867,-5.686867
16.03,0.994964533,-0.043848,0.994964533,-0.043848,-5.752279,-5.752279
16.22,0.994848147,-0.044864,0.994848147,-0.044864,-5.818433,-5.818433
16.41,0.994729092,-0.045904,0.994729092,-0.045904,-5.885337,-5.885337
16.60,0.994607308,-0.046967,0.994607308,-0.046967,-5.952999,-5.952999
16.79,0.994482734,-0.048055,0.994482734,-0.048055,-6.021428,-6.021428
16.98,0.994355306,-0.049168,0.994355306,-0.049168,-6.090632,-6.090632
17.18,0.994224961,-0.050307,0.994224961,-0.050307,-6.160618,-6.160618
17.38,0.994091633,-0.051472,0.994091633,-0.051472,-6.231397,-6.231397
17.58,0.993955255,-0.052663,0.993955255,-0.052663,-6.302976,-6.302976
17.78,0.993815758,-0.053882,0.993815758,-0.053882,-6.375363,-6.375363
17.99,0.993673073,-0.055130,0.993673073,-0.055130,-6.448568,-6.448568
18.20,0.993527128,-0.056405,0.993527128,-0.056405,-6.522599,-6.522599
18.41,0.993377849,-0.057711,0.993377849,-0.057711,-6.597465,-6.597465
18.62,0.993225164,-0.059046,0.993225164,-0.059046,-6.673175,-6.673175
18.84,0.993068994,-0.060412,0.993068994,-0.060412,-6.749738,-6.749738
19.05,0.992909264,-0.061809,0.992909264,-0.061809,-6.827163,-6.827163
19.28,0.992745892,-0.063238,0.992745892,-0.063238,-6.905459,-6.905459
19.50,0.992578799,-0.064700,0.992578799,-0.064700,-6.984635,-6.984635
19.72,0.992407900,-0.066196,0.992407900,-0.066196,-7.064700,-7.064700
19.95,0.992233112,-0.067726,0.992233112,-0.067726,-7.145665,-7.145665
20.18,0.992054349,-0.069291,0.992054349,-0.069291,-7.227538,-7.227538
20.42,0.991871522,-0.070892,0.991871522,-0.070892,-7.310328,-7.310328
20.65,0.991684540,-0.072529,0.991684540,-0.072529,-7.394046,-7.394046
20.89,0.991493313,-0.074204,0.991493313,-0.074204,-7.478702,-7.478702
21.13,0.991297746,-0.075918,0.991297746,-0.075918,-7.564304,-7.564304
21.38,0.991097743,-0.077670,0.991097743,-0.077670,-7.650863,-7.650863
21.63,0.990893207,-0.079463,0.990893207,-0.079463,-7.738388,-7.738388
21.88,0.990684037,-0.081297,0.990684037,-0.081297,-7.826890,-7.826890
22.13,0.990470133,-0.083172,0.990470133,-0.083172,-7.916379,-7.916379
22.39,0.990251389,-0.085091,0.990251389,-0.085091,-8.006864,-8.006864
22.65,0.990027701,-0.087053,0.990027701,-0.087053,-8.098356,-8.098356
22.91,0.989798958,-0.089060,0.989798958,-0.089060,-8.190865,-8.190865
23.17,0.989565052,-0.091113,0.989565052,-0.091113,-8.284402,-8.284402
23.44,0.989325869,-0.093213,0.989325869,-0.093213,-8.378976,-8.378976
23.71,0.989081294,-0.095360,0.989081294,-0.095360,-8.474599,-8.474599
23.99,0.988831210,-0.097557,0.988831210,-0.097557,-8.571281,-8.571281
24.27,0.988575496,-0.099803,0.988575496,-0.099803,-8.669033,-8.669033
24.55,0.988314032,-0.102101,0.988314032,-0.102101,-8.767864,-8.767864
24.83,0.988046692,-0.104451,0.988046692,-0.104451,-8.867787,-8.867787
25.12,0.987773350,-0.106854,0.987773350,-0.106854,-8.968811,-8.968811
25.41,0.987493875,-0.109312,0.987493875,-0.109312,-9.070948,-9.070948
25.70,0.987208136,-0.111825,0.987208136,-0.111825,-9.174208,-9.174208
26.00,0.986915998,-0.114396,0.986915998,-0.114396,-9.278603,-9.278603
26.30,0.986617323,-0.117025,0.986617323,-0.117025,-9.384144,-9.384144
26.61,0.986311972,-0.119714,0.986311972,-0.119714,-9.490841,-9.490841
26.92,0.985999802,-0.122463,0.985999802,-0.122463,-9.598707,-9.598707
27.23,0.985680666,-0.125275,0.985680666,-0.125275,-9.707751,-9.707751
27.54,0.985354418,-0.128151,0.985354418,-0.128151,-9.817986,-9.817986
27.86,0.985020906,-0.131091,0.985020906,-0.131091,-9.929423,-9.929423
28.18,0.984679975,-0.134098,0.984679975,-0.134098,-10.042073,-10.042073
28.51,0.984331470,-0.137173,0.984331470,-0.137173,-10.155948,-10.155948
28.84,0.983975229,-0.140317,0.983975229,-0.140317,-10.271059,-10.271059
29.17,0.983611091,-0.143532,0.983611091,-0.143532,-10.387417,-10.387417
29.51,0.983238889,-0.146819,0.983238889,-0.146819,-10.505035,-10.505035
29.85,0.982858454,-0.150180,0.982858454,-0.150180,-10.623924,-10.623924
30.20,0.982469615,-0.153617,0.982469615,-0.153617,-10.744095,-10.744095
30.55,0.982072196,-0.157132,0.982072196,-0.157132,-10.865561,-10.865561
30.90,0.981666018,-0.160725,0.981666018,-0.160725,-10.988333,-10.988333
31.26,0.981250901,-0.164399,0.981250901,-0.164399,-11.112422,-11.112422
31.62,0.980826659,-0.168155,0.980826659,-0.168155,-11.237841,-11.237841
31.99,0.980393105,-0.171995,0.980393105,-0.171995,-11.364601,-11.364601
32.36,0.979950046,-0.175921,0.979950046,-0.175921,-11.492715,-11.492715
32.73,0.979497288,-0.179935,0.979497288,-0.179935,-11.622194,-11.622194
33.11,0.979034634,-0.184039,0.979034634,-0.184039,-11.753049,-11.753049
33.50,0.978561881,-0.188234,0.978561881,-0.188234,-11.885294,-11.885294
33.88,0.978078824,-0.192523,0.978078824,-0.192523,-12.018939,-12.018939
34.28,0.977585255,-0.196907,0.977585255,-0.196907,-12.153996,-12.153996
34.67,0.977080962,-0.201389,0.977080962,-0.201389,-12.290479,-12.290479
35.08,0.976565730,-0.205970,0.976565730,-0.205970,-12.428397,-12.428397
35.48,0.976039339,-0.210654,0.976039339,-0.210654,-12.567764,-12.567764
35.89,0.975501567,-0.215441,0.975501567,-0.215441,-12.708591,-12.708591
36.31,0.974952188,-0.220334,0.974952188,-0.220334,-12.850891,-12.850891
36.73,0.974390973,-0.225335,0.974390973,-0.225335,-12.994674,-12.994674
37.15,0.973817687,-0.230447,0.973817687,-0.230447,-13.139952,-13.139952
37.58,0.973232093,-0.235672,0.973232093,-0.235672,-13.286738,-13.286738
38.02,0.972633952,-0.241011,0.972633952,-0.241011,-13.435044,-13.435044
38.46,0.972023018,-0.246469,0.972023018,-0.246469,-13.584880,-13.584880
38.90,0.971399045,-0.252047,0.971399045,-0.252047,-13.736259,-13.736259
39.36,0.970761779,-0.257747,0.970761779,-0.257747,-13.889192,-13.889192
39.81,0.970110966,-0.263572,0.970110966,-0.263572,-14.043691,-14.043691
40.27,0.969446347,-0.269524,0.969446347,-0.269524,-14.199767,-14.199767
40.74,0.968767659,-0.275607,0.968767659,-0.275607,-14.357432,-14.357432
41.21,0.968074636,-0.281823,0.968074636,-0.281823,-14.516697,-14.516697
41.69,0.967367008,-0.288175,0.967367008,-0.288175,-14.677573,-14.677573
42.17,0.966644501,-0.294664,0.966644501,-0.294664,-14.840071,-14.840071
42.66,0.965906838,-0.301295,0.965906838,-0.301295,-15.004203,-15.004203
43.15,0.965153738,-0.308070,0.965153738,-0.308070,-15.169979,-15.169979
43.65,0.964384917,-0.314992,0.964384917,-0.314992,-15.337411,-15.337411
44.16,0.963600086,-0.322063,0.963600086,-0.322063,-15.506509,-15.506509
44.67,0.962798955,-0.329288,0.962798955,-0.329288,-15.677284,-15.677284
45.19,0.961981228,-0.336668,0.961981228,-0.336668,-15.849746,-15.849746
45.71,0.961146607,-0.344207,0.961146607,-0.344207,-16.023906,-16.023906
46.24,0.960294790,-0.351909,0.960294790,-0.351909,-16.199773,-16.199773
46.77,0.959425472,-0.359775,0.959425472,-0.359775,-16.377359,-16.377359
47.32,0.958538344,-0.367810,0.958538344,-0.367810,-16.556672,-16.556672
47.86,0.957633096,-0.376017,0.957633096,-0.376017,-16.737722,-16.737722
48.42,0.956709411,-0.384399,0.956709411,-0.384399,-16.920520,-16.920520
48.98,0.955766972,-0.392960,0.955766972,-0.392960,-17.105074,-17.105074
49.55,0.954805459,-0.401702,0.954805459,-0.401702,-17.291393,-17.291393
50.12,0.953824547,-0.410630,0.953824547,-0.410630,-17.479487,-17.479487
50.70,0.952823910,-0.419747,0.952823910,-0.419747,-17.669364,-17.669364
51.29,0.951803218,-0.429057,0.951803218,-0.429057,-17.861033,-17.861033
51.88,0.950762139,-0.438562,0.950762139,-0.438562,-18.054502,-18.054502
52.48,0.949700339,-0.448268,0.949700339,-0.448268,-18.249778,-18.249778
53.09,0.948617481,-0.458178,0.948617481,-0.458178,-18.446870,-18.446870
53.70,0.947513226,-0.468294,0.947513226,-0.468294,-18.645785,-18.645785
54.33,0.946387231,-0.478623,0.946387231,-0.478623,-18.846531,-18.846531
54.95,0.945239155,-0.489166,0.945239155,-0.489166,-19.049113,-19.049113
55.59,0.944068651,-0.499928,0.944068651,-0.499928,-19.253540,-19.253540
56.23,0.942875373,-0.510914,0.942875373,-0.510914,-19.459816,-19.459816
56.89,0.941658972,-0.522127,0.941658972,-0.522127,-19.667948,-19.667948
57.54,0.940419098,-0.533571,0.940419098,-0.533571,-19.877942,-19.877942
58.21,0.939155400,-0.545251,0.939155400,-0.545251,-20.089803,-20.089803
58.88,0.937867526,-0.557170,0.937867526,-0.557170,-20.303535,-20.303535
59.57,0.936555123,-0.569333,0.936555123,-0.569333,-20.519144,-20.519144
60.26,0.935217837,-0.581744,0.935217837,-0.581744,-20.736633,-20.736633
60.95,0.933855316,-0.594408,0.933855316,-0.594408,-20.956007,-20.956007
61.66,0.932467203,-0.607329,0.932467203,-0.607329,-21.177268,-21.177268
62.37,0.931053146,-0.620511,0.931053146,-0.620511,-21.400419,-21.400419
63.10,0.929612790,-0.633958,0.929612790,-0.633958,-21.625464,-21.625464
63.83,0.928145783,-0.647676,0.928145783,-0.647676,-21.852403,-21.852403
64.57,0.926651771,-0.661669,0.926651771,-0.661669,-22.081239,-22.081239
65.31,0.925130404,-0.675941,0.925130404,-0.675941,-22.311973,-22.311973
66.07,0.923581330,-0.690497,0.923581330,-0.690497,-22.544605,-22.544605
66.83,0.922004202,-0.705342,0.922004202,-0.705342,-22.779136,-22.779136
67.61,0.920398673,-0.720480,0.920398673,-0.720480,-23.015565,-23.015565
68.39,0.918764398,-0.735917,0.918764398,-0.735917,-23.253891,-23.253891
69.18,0.917101036,-0.751656,0.917101036,-0.751656,-23.494114,-23.494114
69.98,0.915408247,-0.767704,0.915408247,-0.767704,-23.736230,-23.736230
70.79,0.913685695,-0.784063,0.913685695,-0.784063,-23.980238,-23.980238
71.61,0.911933048,-0.800741,0.911933048,-0.800741,-24.226134,-24.226134
72.44,0.910149977,-0.817741,0.910149977,-0.817741,-24.473915,-24.473915
73.28,0.908336157,-0.835068,0.908336157,-0.835068,-24.723576,-24.723576
74.13,0.906491268,-0.852727,0.906491268,-0.852727,-24.975113,-24.975113
74.99,0.904614996,-0.870724,0.904614996,-0.870724,-25.228521,-25.228521
75.86,0.902707030,-0.889064,0.902707030,-0.889064,-25.483792,-25.483792
76.74,0.900767065,-0.907750,0.900767065,-0.907750,-25.740922,-25.740922
77.62,0.898794804,-0.926789,0.898794804,-0.926789,-25.999901,-25.999901
78.52,0.896789955,-0.946185,0.896789955,-0.946185,-26.260722,-26.260722
79.43,0.894752233,-0.965944,0.894752233,-0.965944,-26.523377,-26.523377
80.35,0.892681359,-0.986071,0.892681359,-0.986071,-26.787857,-26.787857
81.28,0.890577064,-1.006570,0.890577064,-1.006570,-27.054150,-27.054150
82.22,0.888439085,-1.027447,0.888439085,-1.027447,-27.322246,-27.322246
83.18,0.886267168,-1.048707,0.886267168,-1.048707,-27.592135,-27.592135
84.14,0.884061069,-1.070355,0.884061069,-1.070355,-27.863803,-27.863803
85.11,0.881820551,-1.092396,0.881820551,-1.092396,-28.137239,-28.137239
86.10,0.879545389,-1.114835,0.879545389,-1.114835,-28.412428,-28.412428
87.10,0.877235366,-1.137677,0.877235366,-1.137677,-28.689355,-28.689355
88.10,0.874890278,-1.160928,0.874890278,-1.160928,-28.968007,-28.968007
89.13,0.872509929,-1.184592,0.872509929,-1.184592,-29.248367,-29.248367
90.16,0.870094137,-1.208675,0.870094137,-1.208675,-29.530419,-29.530419
91.20,0.867642730,-1.233181,0.867642730,-1.233181,-29.814146,-29.814146
92.26,0.865155550,-1.258116,0.865155550,-1.258116,-30.099528,-30.099528
93.33,0.862632450,-1.283484,0.862632450,-1.283484,-30.386548,-30.386548
94.41,0.860073296,-1.309291,0.860073296,-1.309291,-30.675186,-30.675186
95.50,0.857477968,-1.335541,0.857477968,-1.335541,-30.965422,-30.965422
96.61,0.854846361,-1.362239,0.854846361,-1.362239,-31.257234,-31.257234
97.72,0.852178382,-1.389390,0.852178382,-1.389390,-31.550601,-31.550601
98.86,0.849473955,-1.416999,0.849473955,-1.416999,-31.845500,-31.845500
100.00,0.846733016,-1.445070,0.846733016,-1.445070,-32.141908,-32.141908
101.16,0.843955519,-1.473609,0.843955519,-1.473609,-32.439799,-32.439799
102.33,0.841141434,-1.502619,0.841141434,-1.502619,-32.739151,-32.739151
103.51,0.838290744,-1.532107,0.838290744,-1.532107,-33.039936,-33.039936
104.71,0.835403452,-1.562075,0.835403452,-1.562075,-33.342128,-33.342128
105.93,0.832479575,-1.592528,0.832479575,-1.592528,-33.645701,-33.645701
107.15,0.829519148,-1.623472,0.829519148,-1.623472,-33.950626,-33.950626
108.39,0.826522224,-1.654909,0.826522224,-1.654909,-34.256874,-34.256874
109.65,0.823488872,-1.686845,0.823488872,-1.686845,-34.564416,-34.564416
110.92,0.820419182,-1.719284,0.820419182,-1.719284,-34.873222,-34.873222
112.20,0.817313258,-1.752229,0.817313258,-1.752229,-35.183262,-35.183262
113.50,0.814171226,-1.785685,0.814171226,-1.785685,-35.494503,-35.494503
114.82,0.810993228,-1.819655,0.810993228,-1.819655,-35.806914,-35.806914
116.14,0.807779425,-1.854144,0.807779425,-1.854144,-36.120461,-36.120461
117.49,0.804529999,-1.889155,0.804529999,-1.889155,-36.435111,-36.435111
118.85,0.801245148,-1.924692,0.801245148,-1.924692,-36.750830,-36.750830
120.23,0.797925093,-1.960758,0.797925093,-1.960758,-37.067582,-37.067582
121.62,0.794570069,-1.997356,0.794570069,-1.997356,-37.385334,-37.385334
123.03,0.791180336,-2.034490,0.791180336,-2.034490,-37.704047,-37.704047
124.45,0.787756169,-2.072164,0.787756169,-2.072164,-38.023686,-38.023686
125.89,0.784297864,-2.110379,0.784297864,-2.110379,-38.344214,-38.344214
127.35,0.780805737,-2.149140,0.780805737,-2.149140,-38.665593,-38.665593
128.82,0.777280124,-2.188449,0.777280124,-2.188449,-38.987784,-38.987784
130.32,0.773721376,-2.228308,0.773721376,-2.228308,-39.310748,-39.310748
131.83,0.770129870,-2.268721,0.770129870,-2.268721,-39.634448,-39.634448
133.35,0.766505996,-2.309689,0.766505996,-2.309689,-39.958841,-39.958841
134.90,0.762850166,-2.351215,0.762850166,-2.351215,-40.283889,-40.283889
136.46,0.759162810,-2.393302,0.759162810,-2.393302,-40.609551,-40.609551
138.04,0.755444378,-2.435950,0.755444378,-2.435950,-40.935786,-40.935786
139.64,0.751695337,-2.479163,0.751695337,-2.479163,-41.262553,-41.262553
141.25,0.747916172,-2.522942,0.747916172,-2.522942,-41.589809,-41.589809
142.89,0.744107388,-2.567288,0.744107388,-2.567288,-41.917513,-41.917513
144.54,0.740269504,-2.612203,0.740269504,-2.612203,-42.245622,-42.245622
146.22,0.736403060,-2.657688,0.736403060,-2.657688,-42.574094,-42.574094
147.91,0.732508612,-2.703745,0.732508612,-2.703745,-42.902886,-42.902886
149.62,0.728586731,-2.750375,0.728586731,-2.750375,-43.231955,-43.231955
151.36,0.724638005,-2.797578,0.724638005,-2.797578,-43.561258,-43.561258
153.11,0.720663039,-2.845355,0.720663039,-2.845355,-43.890751,-43.890751
154.88,0.716662452,-2.893707,0.716662452,-2.893707,-44.220391,-44.220391
156.68,0.712636879,-2.942634,0.712636879,-2.942634,-44.550134,-44.550134
158.49,0.708586968,-2.992137,0.708586968,-2.992137,-44.879937,-44.879937
160.32,0.704513383,-3.042215,0.704513383,-3.042215,-45.209756,-45.209756
162.18,0.700416799,-3.092869,0.700416799,-3.092869,-45.539547,-45.539547
164.06,0.696297905,-3.144098,0.696297905,-3.144098,-45.869266,-45.869266
165.96,0.692157403,-3.195903,0.692157403,-3.195903,-46.198870,-46.198870
167.88,0.687996005,-3.248282,0.687996005,-3.248282,-46.528316,-46.528316
169.82,0.683814436,-3.301235,0.683814436,-3.301235,-46.857560,-46.857560
171.79,0.679613430,-3.354761,0.679613430,-3.354761,-47.186558,-47.186558
173.78,0.675393732,-3.408859,0.675393732,-3.408859,-47.515267,-47.515267
175.79,0.671156095,-3.463529,0.671156095,-3.463529,-47.843644,-47.843644
177.83,0.666901282,-3.518769,0.666901282,-3.518769,-48.171648,-48.171648
179.89,0.662630063,-3.574577,0.662630063,-3.574577,-48.499234,-48.499234
181.97,0.658343216,-3.630953,0.658343216,-3.630953,-48.826361,-48.826361
184.08,0.654041525,-3.687894,0.654041525,-3.687894,-49.152987,-49.152987
186.21,0.649725780,-3.745398,0.649725780,-3.745398,-49.479070,-49.479070
188.36,0.645396777,-3.803464,0.645396777,-3.803464,-49.804569,-49.804569
190.55,0.641055315,-3.862090,0.641055315,-3.862090,-50.129443,-50.129443
192.75,0.636702198,-3.921273,0.636702198,-3.921273,-50.453652,-50.453652
194.98,0.632338235,-3.981011,0.632338235,-3.981011,-50.777155,-50.777155
197.24,0.627964233,-4.041302,0.627964233,-4.041302,-51.099913,-51.099913
199.53,0.623581005,-4.102142,0.623581005,-4.102142,-51.421887,-51.421887
201.84,0.619189364,-4.163530,0.619189364,-4.163530,-51.743038,-51.743038
204.17,0.614790122,-4.225462,0.614790122,-4.225462,-52.063328,-52.063328
206.54,0.610384093,-4.287936,0.610384093,-4.287936,-52.382719,-52.382719
208.93,0.605972089,-4.350948,0.605972089,-4.350948,-52.701175,-52.701175
211.35,0.601554921,-4.414494,0.601554921,-4.414494,-53.018658,-53.018658
213.80,0.597133396,-4.478573,0.597133396,-4.478573,-53.335133,-53.335133
216.27,0.592708322,-4.543180,0.592708322,-4.543180,-53.650565,-53.650565
218.78,0.588280499,-4.608311,0.588280499,-4.608311,-53.964918,-53.964918
221.31,0.583850728,-4.673963,0.583850728,-4.673963,-54.278159,-54.278159
223.87,0.579419800,-4.740133,0.579419800,-4.740133,-54.590255,-54.590255
226.46,0.574988506,-4.806817,0.574988506,-4.806817,-54.901173,-54.901173
229.09,0.570557628,-4.874010,0.570557628,-4.874010,-55.210880,-55.210880
231.74,0.566127943,-4.941708,0.566127943,-4.941708,-55.519346,-55.519346
234.42,0.561700220,-5.009908,0.561700220,-5.009908,-55.826539,-55.826539
237.14,0.557275221,-5.078605,0.557275221,-5.078605,-56.132430,-56.132430
239.88,0.552853702,-5.147796,0.552853702,-5.147796,-56.436990,-56.436990
242.66,0.548436408,-5.217474,0.548436408,-5.217474,-56.740190,-56.740190
245.47,0.544024077,-5.287638,0.544024077,-5.287638,-57.042002,-57.042002
248.31,0.539617437,-5.358280,0.539617437,-5.358280,-57.342400,-57.342400
251.19,0.535217207,-5.429399,0.535217207,-5.429399,-57.641357,-57.641357
254.10,0.530824094,-5.500987,0.530824094,-5.500987,-57.938848,-57.938848
257.04,0.526438796,-5.573042,0.526438796,-5.573042,-58.234847,-58.234847
260.02,0.522062001,-5.645558,0.522062001,-5.645558,-58.529332,-58.529332
263.03,0.517694385,-5.718531,0.517694385,-5.718531,-58.822278,-58.822278
266.07,0.513336611,-5.791955,0.513336611,-5.791955,-59.113664,-59.113664
269.15,0.508989332,-5.865826,0.508989332,-5.865826,-59.403467,-59.403467
272.27,0.504653189,-5.940140,0.504653189,-5.940140,-59.691667,-59.691667
275.42,0.500328810,-6.014890,0.500328810,-6.014890,-59.978244,-59.978244
278.61,0.496016809,-6.090072,0.496016809,-6.090072,-60.263178,-60.263178
281.84,0.491717790,-6.165682,0.491717790,-6.165682,-60.546450,-60.546450
285.10,0.487432342,-6.241713,0.487432342,-6.241713,-60.828044,-60.828044
288.40,0.483161041,-6.318162,0.483161041,-6.318162,-61.107941,-61.107941
291.74,0.478904449,-6.395023,0.478904449,-6.395023,-61.386126,-61.386126
295.12,0.474663117,-6.472290,0.474663117,-6.472290,-61.662582,-61.662582
298.54,0.470437580,-6.549960,0.470437580,-6.549960,-61.937295,-61.937295
302.00,0.466228360,-6.628026,0.466228360,-6.628026,-62.210252,-62.210252
305.49,0.462035964,-6.706484,0.462035964,-6.706484,-62.481437,-62.481437
309.03,0.457860886,-6.785329,0.457860886,-6.785329,-62.750840,-62.750840
312.61,0.453703607,-6.864555,0.453703607,-6.864555,-63.018447,-63.018447
316.23,0.449564593,-6.944158,0.449564593,-6.944158,-63.284248,-63.284248
319.89,0.445444294,-7.024132,0.445444294,-7.024132,-63.548232,-63.548232
323.59,0.441343150,-7.104472,0.441343150,-7.104472,-63.810389,-63.810389
327.34,0.437261583,-7.185174,0.437261583,-7.185174,-64.070711,-64.070711
331.13,0.433200003,-7.266231,0.433200003,-7.266231,-64.329188,-64.329188
334.97,0.429158807,-7.347639,0.429158807,-7.347639,-64.585812,-64.585812
338.84,0.425138375,-7.429394,0.425138375,-7.429394,-64.840578,-64.840578
342.77,0.421139075,-7.511489,0.421139075,-7.511489,-65.093477,-65.093477
346.74,0.417161262,-7.593921,0.417161262,-7.593921,-65.344505,-65.344505
350.75,0.413205275,-7.676683,0.413205275,-7.676683,-65.593655,-65.593655
354.81,0.409271441,-7.759771,0.409271441,-7.759771,-65.840924,-65.840924
358.92,0.405360074,-7.843181,0.405360074,-7.843181,-66.086307,-66.086307
363.08,0.401471472,-7.926906,0.401471472,-7.926906,-66.329800,-66.329800
367.28,0.397605922,-8.010943,0.397605922,-8.010943,-66.571402,-66.571402
371.54,0.393763698,-8.095286,0.393763698,-8.095286,-66.811109,-66.811109
375.84,0.389945060,-8.179932,0.389945060,-8.179932,-67.048919,-67.048919
380.19,0.386150255,-8.264873,0.386150255,-8.264873,-67.284832,-67.284832
384.59,0.382379518,-8.350108,0.382379518,-8.350108,-67.518846,-67.518846
389.05,0.378633072,-8.435629,0.378633072,-8.435629,-67.750962,-67.750962
393.55,0.374911126,-8.521433,0.374911126,-8.521433,-67.981180,-67.981180
398.11,0.371213879,-8.607516,0.371213879,-8.607516,-68.209500,-68.209500
402.72,0.367541516,-8.693872,0.367541516,-8.693872,-68.435924,-68.435924
407.38,0.363894212,-8.780497,0.363894212,-8.780497,-68.660454,-68.660454
412.10,0.360272130,-8.867387,0.360272130,-8.867387,-68.883091,-68.883091
416.87,0.356675421,-8.954536,0.356675421,-8.954536,-69.103838,-69.103838
421.70,0.353104225,-9.041942,0.353104225,-9.041942,-69.322699,-69.322699
426.58,0.349558672,-9.129598,0.349558672,-9.129598,-69.539676,-69.539676
431.52,0.346038880,-9.217502,0.346038880,-9.217502,-69.754774,-69.754774
436.52,0.342544959,-9.305648,0.342544959,-9.305648,-69.967997,-69.967997
441.57,0.339077005,-9.394033,0.339077005,-9.394033,-70.179350,-70.179350
446.68,0.335635108,-9.482652,0.335635108,-9.482652,-70.388837,-70.388837
451.86,0.332219344,-9.571502,0.332219344,-9.571502,-70.596464,-70.596464
457.09,0.328829783,-9.660577,0.328829783,-9.660577,-70.802236,-70.802236
462.38,0.325466485,-9.749875,0.325466485,-9.749875,-71.006161,-71.006161
467.74,0.322129499,-9.839390,0.322129499,-9.839390,-71.208243,-71.208243
473.15,0.318818866,-9.929120,0.318818866,-9.929120,-71.408490,-71.408490
478.63,0.315534620,-10.019060,0.315534620,-10.019060,-71.606909,-71.606909
484.17,0.312276783,-10.109206,0.312276783,-10.109206,-71.803506,-71.803506
489.78,0.309045373,-10.199555,0.309045373,-10.199555,-71.998290,-71.998290
495.45,0.305840397,-10.290103,0.305840397,-10.290103,-72.191269,-72.191269
501.19,0.302661856,-10.380846,0.302661856,-10.380846,-72.382449,-72.382449
506.99,0.299509741,-10.471781,0.299509741,-10.471781,-72.571841,-72.571841
512.86,0.296384038,-10.562904,0.296384038,-10.562904,-72.759451,-72.759451
518.80,0.293284725,-10.654211,0.293284725,-10.654211,-72.945290,-72.945290
524.81,0.290211774,-10.745699,0.290211774,-10.745699,-73.129365,-73.129365
530.88,0.287165148,-10.837365,0.287165148,-10.837365,-73.311687,-73.311687
537.03,0.284144806,-10.929206,0.284144806,-10.929206,-73.492264,-73.492264
543.25,0.281150699,-11.021217,0.281150699,-11.021217,-73.671106,-73.671106
549.54,0.278182774,-11.113395,0.278182774,-11.113395,-73.848223,-73.848223
555.90,0.275240969,-11.205738,0.275240969,-11.205738,-74.023625,-74.023625
562.34,0.272325219,-11.298243,0.272325219,-11.298243,-74.197322,-74.197322
568.85,0.269435452,-11.390905,0.269435452,-11.390905,-74.369324,-74.369324
575.44,0.266571593,-11.483723,0.266571593,-11.483723,-74.539642,-74.539642
582.10,0.263733558,-11.576692,0.263733558,-11.576692,-74.708286,-74.708286
588.84,0.260921262,-11.669811,0.260921262,-11.669811,-74.875266,-74.875266
595.66,0.258134612,-11.763075,0.258134612,-11.763075,-75.040595,-75.040595
602.56,0.255373514,-11.856483,0.255373514,-11.856483,-75.204281,-75.204281
609.54,0.252637866,-11.950031,0.252637866,-11.950031,-75.366337,-75.366337
616.60,0.249927565,-12.043717,0.249927565,-12.043717,-75.526774,-75.526774
623.73,0.247242501,-12.137537,0.247242501,-12.137537,-75.685603,-75.685603
630.96,0.244582562,-12.231490,0.244582562,-12.231490,-75.842834,-75.842834
638.26,0.241947633,-12.325572,0.241947633,-12.325572,-75.998480,-75.998480
645.65,0.239337594,-12.419782,0.239337594,-12.419782,-76.152552,-76.152552
653.13,0.236752321,-12.514115,0.236752321,-12.514115,-76.305061,-76.305061
660.69,0.234191689,-12.608570,0.234191689,-12.608570,-76.456020,-76.456020
668.34,0.231655568,-12.703145,0.231655568,-12.703145,-76.605438,-76.605438
676.08,0.229143827,-12.797837,0.229143827,-12.797837,-76.753330,-76.753330
683.91,0.226656329,-12.892643,0.226656329,-12.892643,-76.899705,-76.899705
691.83,0.224192939,-12.987561,0.224192939,-12.987561,-77.044575,-77.044575
699.84,0.221753516,-13.082590,0.221753516,-13.082590,-77.187954,-77.187954
707.95,0.219337917,-13.177726,0.219337917,-13.177726,-77.329851,-77.329851
716.14,0.216945997,-13.272967,0.216945997,-13.272967,-77.470280,-77.470280
724.44,0.214577611,-13.368312,0.214577611,-13.368312,-77.609252,-77.609252
732.82,0.212232609,-13.463758,0.212232609,-13.463758,-77.746779,-77.746779
741.31,0.209910840,-13.559303,0.209910840,-13.559303,-77.882873,-77.882873
749.89,0.207612153,-13.654945,0.207612153,-13.654945,-78.017545,-78.017545
758.58,0.205336393,-13.750681,0.205336393,-13.750681,-78.150808,-78.150808
767.36,0.203083404,-13.846511,0.203083404,-13.846511,-78.282674,-78.282674
776.25,0.200853031,-13.942432,0.200853031,-13.942432,-78.413154,-78.413154
785.24,0.198645113,-14.038442,0.198645113,-14.038442,-78.542260,-78.542260
794.33,0.196459493,-14.134540,0.196459493,-14.134540,-78.670004,-78.670004
803.53,0.194296009,-14.230722,0.194296009,-14.230722,-78.796399,-78.796399
812.83,0.192154499,-14.326989,0.192154499,-14.326989,-78.921455,-78.921455
822.24,0.190034802,-14.423337,0.190034802,-14.423337,-79.045185,-79.045185
831.76,0.187936753,-14.519766,0.187936753,-14.519766,-79.167600,-79.167600
841.40,0.185860188,-14.616273,0.185860188,-14.616273,-79.288713,-79.288713
851.14,0.183804943,-14.712856,0.183804943,-14.712856,-79.408534,-79.408534
860.99,0.181770852,-14.809515,0.181770852,-14.809515,-79.527076,-79.527076
870.96,0.179757748,-14.906248,0.179757748,-14.906248,-79.644350,-79.644350
881.05,0.177765466,-15.003052,0.177765466,-15.003052,-79.760368,-79.760368
891.25,0.175793839,-15.099927,0.175793839,-15.099927,-79.875142,-79.875142
901.57,0.173842699,-15.196871,0.173842699,-15.196871,-79.988683,-79.988683
912.01,0.171911879,-15.293882,0.171911879,-15.293882,-80.101002,-80.101002
922.57,0.170001212,-15.390960,0.170001212,-15.390960,-80.212110,-80.212110
933.25,0.168110529,-15.488102,0.168110529,-15.488102,-80.322021,-80.322021
944.06,0.166239663,-15.585307,0.166239663,-15.585307,-80.430743,-80.430743
954.99,0.164388447,-15.682574,0.164388447,-15.682574,-80.538290,-80.538290
966.05,0.162556713,-15.779902,0.162556713,-15.779902,-80.644672,-80.644672
977.24,0.160744293,-15.877289,0.160744293,-15.877289,-80.749900,-80.749900
988.55,0.158951019,-15.974734,0.158951019,-15.974734,-80.853985,-80.853985
1000.00,0.157176725,-16.072235,0.157176725,-16.072235,-80.956939,-80.956939
1011.58,0.155421245,-16.169792,0.155421245,-16.169792,-81.058772,-81.058772
1023.29,0.153684410,-16.267404,0.153684410,-16.267404,-81.159496,-81.159496
1035.14,0.151966055,-16.365068,0.151966055,-16.365068,-81.259120,-81.259120
1047.13,0.150266015,-16.462785,0.150266015,-16.462785,-81.357657,-81.357657
1059.25,0.148584124,-16.560552,0.148584124,-16.560552,-81.455117,-81.455117
1071.52,0.146920217,-16.658369,0.146920217,-16.658369,-81.551509,-81.551509
1083.93,0.145274129,-16.756234,0.145274129,-16.756234,-81.646846,-81.646846
1096.48,0.143645698,-16.854148,0.143645698,-16.854148,-81.741138,-81.741138
1109.17,0.142034759,-16.952107,0.142034759,-16.952107,-81.834394,-81.834394
1122.02,0.140441151,-17.050112,0.140441151,-17.050112,-81.926625,-81.926625
1135.01,0.138864711,-17.148162,0.138864711,-17.148162,-82.017843,-82.017843
1148.15,0.137305277,-17.246255,0.137305277,-17.246255,-82.108056,-82.108056
1161.45,0.135762691,-17.344391,0.135762691,-17.344391,-82.197275,-82.197275
1174.90,0.134236791,-17.442569,0.134236791,-17.442569,-82.285510,-82.285510
1188.50,0.132727418,-17.540787,0.132727418,-17.540787,-82.372772,-82.372772
1202.26,0.131234415,-17.639045,0.131234415,-17.639045,-82.459070,-82.459070
1216.19,0.129757624,-17.737342,0.129757624,-17.737342,-82.544413,-82.544413
1230.27,0.128296889,-17.835678,0.128296889,-17.835678,-82.628813,-82.628813
1244.51,0.126852053,-17.934050,0.126852053,-17.934050,-82.712278,-82.712278
1258.93,0.125422962,-18.032459,0.125422962,-18.032459,-82.794818,-82.794818
1273.50,0.124009462,-18.130904,0.124009462,-18.130904,-82.876443,-82.876443
1288.25,0.122611399,-18.229383,0.122611399,-18.229383,-82.957162,-82.957162
1303.17,0.121228623,-18.327897,0.121228623,-18.327897,-83.036985,-83.036985
1318.26,0.119860980,-18.426443,0.119860980,-18.426443,-83.115921,-83.115921
1333.52,0.118508322,-18.525023,0.118508322,-18.525023,-83.193979,-83.193979
1348.96,0.117170499,-18.623634,0.117170499,-18.623634,-83.271168,-83.271168
1364.58,0.115847363,-18.722277,0.115847363,-18.722277,-83.347498,-83.347498
1380.38,0.114538765,-18.820950,0.114538765,-18.820950,-83.422978,-83.422978
1396.37,0.113244561,-18.919653,0.113244561,-18.919653,-83.497616,-83.497616
1412.54,0.111964605,-19.018385,0.111964605,-19.018385,-83.571421,-83.571421
1428.89,0.110698752,-19.117146,0.110698752,-19.117146,-83.644403,-83.644403
1445.44,0.109446859,-19.215934,0.109446859,-19.215934,-83.716570,-83.716570
1462.18,0.108208785,-19.314750,0.108208785,-19.314750,-83.787930,-83.787930
1479.11,0.106984388,-19.413592,0.106984388,-19.413592,-83.858492,-83.858492
1496.24,0.105773527,-19.512460,0.105773527,-19.512460,-83.928265,-83.928265
1513.56,0.104576065,-19.611354,0.104576065,-19.611354,-83.997258,-83.997258
1531.09,0.103391862,-19.710273,0.103391862,-19.710273,-84.065477,-84.065477
1548.82,0.102220783,-19.809216,0.102220783,-19.809216,-84.132933,-84.132933
1566.75,0.101062691,-19.908183,0.101062691,-19.908183,-84.199632,-84.199632
1584.89,0.099917452,-20.007173,0.099917452,-20.007173,-84.265583,-84.265583
1603.25,0.098784931,-20.106186,0.098784931,-20.106186,-84.330794,-84.330794
1621.81,0.097664997,-20.205221,0.097664997,-20.205221,-84.395274,-84.395274
1640.59,0.096557518,-20.304278,0.096557518,-20.304278,-84.459029,-84.459029
1659.59,0.095462364,-20.403356,0.095462364,-20.403356,-84.522068,-84.522068
1678.80,0.094379404,-20.502455,0.094379404,-20.502455,-84.584398,-84.584398
1698.24,0.093308512,-20.601575,0.093308512,-20.601575,-84.646028,-84.646028
1717.91,0.092249560,-20.700714,0.092249560,-20.700714,-84.706964,-84.706964
1737.80,0.091202422,-20.799873,0.091202422,-20.799873,-84.767215,-84.767215
1757.92,0.090166973,-20.899050,0.090166973,-20.899050,-84.826787,-84.826787
1778.28,0.089143089,-20.998246,0.089143089,-20.998246,-84.885688,-84.885688
1798.87,0.088130648,-21.097461,0.088130648,-21.097461,-84.943926,-84.943926
1819.70,0.087129527,-21.196693,0.087129527,-21.196693,-85.001508,-85.001508
1840.77,0.086139607,-21.295942,0.086139607,-21.295942,-85.058440,-85.058440
1862.09,0.085160767,-21.395209,0.085160767,-21.395209,-85.114730,-85.114730
1883.65,0.084192889,-21.494492,0.084192889,-21.494492,-85.170386,-85.170386
1905.46,0.083235857,-21.593791,0.083235857,-21.593791,-85.225413,-85.225413
1927.52,0.082289553,-21.693106,0.082289553,-21.693106,-85.279818,-85.279818
1949.84,0.081353862,-21.792436,0.081353862,-21.792436,-85.333610,-85.333610
1972.42,0.080428671,-21.891782,0.080428671,-21.891782,-85.386794,-85.386794
1995.26,0.079513866,-21.991143,0.079513866,-21.991143,-85.439377,-85.439377
2018.37,0.078609335,-22.090518,0.078609335,-22.090518,-85.491365,-85.491365
2041.74,0.077714967,-22.189907,0.077714967,-22.189907,-85.542766,-85.542766
2065.38,0.076830653,-22.289310,0.076830653,-22.289310,-85.593585,-85.593585
2089.30,0.075956283,-22.388726,0.075956283,-22.388726,-85.643830,-85.643830
2113.49,0.075091750,-22.488156,0.075091750,-22.488156,-85.693506,-85.693506
2137.96,0.074236946,-22.587598,0.074236946,-22.587598,-85.742620,-85.742620
2162.72,0.073391766,-22.687053,0.073391766,-22.687053,-85.791177,-85.791177
2187.76,0.072556106,-22.786521,0.072556106,-22.786521,-85.839185,-85.839185
2213.09,0.071729861,-22.886000,0.071729861,-22.886000,-85.886649,-85.886649
2238.72,0.070912928,-22.985492,0.070912928,-22.985492,-85.933576,-85.933576
2264.64,0.070105207,-23.084994,0.070105207,-23.084994,-85.979970,-85.979970
2290.87,0.069306597,-23.184509,0.069306597,-23.184509,-86.025839,-86.025839
2317.39,0.068516996,-23.284034,0.068516996,-23.284034,-86.071187,-86.071187
2344.23,0.067736308,-23.383570,0.067736308,-23.383570,-86.116021,-86.116021
2371.37,0.066964434,-23.483116,0.066964434,-23.483116,-86.160347,-86.160347
2398.83,0.066201277,-23.582673,0.066201277,-23.582673,-86.204170,-86.204170
2426.61,0.065446742,-23.682239,0.065446742,-23.682239,-86.247496,-86.247496
2454.71,0.064700734,-23.781816,0.064700734,-23.781816,-86.290330,-86.290330
2483.13,0.063963158,-23.881402,0.063963158,-23.881402,-86.332677,-86.332677
2511.89,0.063233922,-23.980998,0.063233922,-23.980998,-86.374544,-86.374544
2540.97,0.062512935,-24.080602,0.062512935,-24.080602,-86.415936,-86.415936
2570.40,0.061800104,-24.180216,0.061800104,-24.180216,-86.456857,-86.456857
2600.16,0.061095340,-24.279838,0.061095340,-24.279838,-86.497314,-86.497314
2630.27,0.060398553,-24.379469,0.060398553,-24.379469,-86.537310,-86.537310
2660.73,0.059709656,-24.479109,0.059709656,-24.479109,-86.576853,-86.576853
2691.53,0.059028560,-24.578756,0.059028560,-24.578756,-86.615945,-86.615945
2722.70,0.058355180,-24.678412,0.058355180,-24.678412,-86.654594,-86.654594
2754.23,0.057689430,-24.778075,0.057689430,-24.778075,-86.692803,-86.692803
2786.12,0.057031224,-24.877746,0.057031224,-24.877746,-86.730578,-86.730578
2818.38,0.056380481,-24.977425,0.056380481,-24.977425,-86.767923,-86.767923
2851.02,0.055737115,-25.077110,0.055737115,-25.077110,-86.804843,-86.804843
2884.03,0.055101046,-25.176803,0.055101046,-25.176803,-86.841343,-86.841343
2917.43,0.054472192,-25.276503,0.054472192,-25.276503,-86.877428,-86.877428
2951.21,0.053850472,-25.376210,0.053850472,-25.376210,-86.913102,-86.913102
2985.38,0.053235808,-25.475923,0.053235808,-25.475923,-86.948370,-86.948370
3019.95,0.052628120,-25.575643,0.052628120,-25.575643,-86.983237,-86.983237
3054.92,0.052027331,-25.675369,0.052027331,-25.675369,-87.017707,-87.017707
3090.30,0.051433364,-25.775101,0.051433364,-25.775101,-87.051784,-87.051784
3126.08,0.050846142,-25.874840,0.050846142,-25.874840,-87.085474,-87.085474
3162.28,0.050265590,-25.974584,0.050265590,-25.974584,-87.118780,-87.118780
3198.90,0.049691634,-26.074334,0.049691634,-26.074334,-87.151706,-87.151706
3235.94,0.049124199,-26.174090,0.049124199,-26.174090,-87.184257,-87.184257
3273.41,0.048563213,-26.273852,0.048563213,-26.273852,-87.216438,-87.216438
3311.31,0.048008603,-26.373619,0.048008603,-26.373619,-87.248252,-87.248252
3349.65,0.047460298,-26.473391,0.047460298,-26.473391,-87.279703,-87.279703
3388.44,0.046918227,-26.573168,0.046918227,-26.573168,-87.310796,-87.310796
3427.68,0.046382321,-26.672950,0.046382321,-26.672950,-87.341535,-87.341535
3467.37,0.045852509,-26.772738,0.045852509,-26.772738,-87.371923,-87.371923
3507.52,0.045328725,-26.872530,0.045328725,-26.872530,-87.401965,-87.401965
3548.13,0.044810899,-26.972327,0.044810899,-26.972327,-87.431665,-87.431665
3589.22,0.044298965,-27.072128,0.044298965,-27.072128,-87.461025,-87.461025
3630.78,0.043792857,-27.171934,0.043792857,-27.171934,-87.490051,-87.490051
3672.82,0.043292510,-27.271745,0.043292510,-27.271745,-87.518746,-87.518746
3715.35,0.042797857,-27.371559,0.042797857,-27.371559,-87.547114,-87.547114
3758.37,0.042308836,-27.471378,0.042308836,-27.471378,-87.575158,-87.575158
3801.89,0.041825383,-27.571201,0.041825383,-27.571201,-87.602883,-87.602883
3845.92,0.041347435,-27.671028,0.041347435,-27.671028,-87.630291,-87.630291
3890.45,0.040874931,-27.770859,0.040874931,-27.770859,-87.657386,-87.657386
3935.50,0.040407807,-27.870694,0.040407807,-27.870694,-87.684173,-87.684173
3981.07,0.039946005,-27.970533,0.039946005,-27.970533,-87.710653,-87.710653
4027.17,0.039489464,-28.070375,0.039489464,-28.070375,-87.736832,-87.736832
4073.80,0.039038125,-28.170221,0.039038125,-28.170221,-87.762712,-87.762712
4120.98,0.038591929,-28.270070,0.038591929,-28.270070,-87.788296,-87.788296
4168.69,0.038150817,-28.369923,0.038150817,-28.369923,-87.813589,-87.813589
4216.97,0.037714733,-28.469779,0.037714733,-28.469779,-87.838592,-87.838592
4265.80,0.037283620,-28.569639,0.037283620,-28.569639,-87.863311,-87.863311
4315.19,0.036857421,-28.669501,0.036857421,-28.669501,-87.887747,-87.887747
4365.16,0.036436081,-28.769367,0.036436081,-28.769367,-87.911904,-87.911904
4415.70,0.036019545,-28.869236,0.036019545,-28.869236,-87.935786,-87.935786
4466.84,0.035607758,-28.969107,0.035607758,-28.969107,-87.959394,-87.959394
4518.56,0.035200668,-29.068982,0.035200668,-29.068982,-87.982734,-87.982734
4570.88,0.034798220,-29.168859,0.034798220,-29.168859,-88.005806,-88.005806
4623.81,0.034400362,-29.268740,0.034400362,-29.268740,-88.028616,-88.028616
4677.35,0.034007042,-29.368623,0.034007042,-29.368623,-88.051164,-88.051164
4731.51,0.033618209,-29.468508,0.033618209,-29.468508,-88.073455,-88.073455
4786.30,0.033233812,-29.568397,0.033233812,-29.568397,-88.095492,-88.095492
4841.72,0.032853801,-29.668288,0.032853801,-29.668288,-88.117277,-88.117277
4897.79,0.032478126,-29.768181,0.032478126,-29.768181,-88.138813,-88.138813
4954.50,0.032106737,-29.868077,0.032106737,-29.868077,-88.160103,-88.160103
5011.87,0.031739587,-29.967975,0.031739587,-29.967975,-88.181150,-88.181150
5069.91,0.031376626,-30.067875,0.031376626,-30.067875,-88.201957,-88.201957
5128.61,0.031017809,-30.167778,0.031017809,-30.167778,-88.222525,-88.222525
5188.00,0.030663087,-30.267683,0.030663087,-30.267683,-88.242859,-88.242859
5248.07,0.030312413,-30.367590,0.030312413,-30.367590,-88.262961,-88.262961
5308.84,0.029965743,-30.467499,0.029965743,-30.467499,-88.282832,-88.282832
5370.32,0.029623031,-30.567410,0.029623031,-30.567410,-88.302477,-88.302477
5432.50,0.029284232,-30.667323,0.029284232,-30.667323,-88.321897,-88.321897
5495.41,0.028949300,-30.767239,0.028949300,-30.767239,-88.341096,-88.341096
5559.04,0.028618193,-30.867156,0.028618193,-30.867156,-88.360074,-88.360074
5623.41,0.028290867,-30.967075,0.028290867,-30.967075,-88.378836,-88.378836
5688.53,0.027967279,-31.066996,0.027967279,-31.066996,-88.397384,-88.397384
5754.40,0.027647387,-31.166918,0.027647387,-31.166918,-88.415720,-88.415720
5821.03,0.027331147,-31.266843,0.027331147,-31.266843,-88.433846,-88.433846
5888.44,0.027018520,-31.366769,0.027018520,-31.366769,-88.451764,-88.451764
5956.62,0.026709463,-31.466697,0.026709463,-31.466697,-88.469478,-88.469478
6025.60,0.026403937,-31.566626,0.026403937,-31.566626,-88.486990,-88.486990
6095.37,0.026101901,-31.666557,0.026101901,-31.666557,-88.504301,-88.504301
6165.95,0.025803315,-31.766490,0.025803315,-31.766490,-88.521415,-88.521415
6237.35,0.025508140,-31.866424,0.025508140,-31.866424,-88.538333,-88.538333
6309.57,0.025216338,-31.966360,0.025216338,-31.966360,-88.555057,-88.555057
6382.63,0.024927869,-32.066297,0.024927869,-32.066297,-88.571590,-88.571590
6456.54,0.024642696,-32.166235,0.024642696,-32.166235,-88.587935,-88.587935
6531.31,0.024360782,-32.266175,0.024360782,-32.266175,-88.604092,-88.604092
6606.93,0.024082089,-32.366117,0.024082089,-32.366117,-88.620065,-88.620065
6683.44,0.023806581,-32.466059,0.023806581,-32.466059,-88.635855,-88.635855
6760.83,0.023534221,-32.566003,0.023534221,-32.566003,-88.651464,-88.651464
6839.12,0.023264974,-32.665949,0.023264974,-32.665949,-88.666895,-88.666895
6918.31,0.022998803,-32.765895,0.022998803,-32.765895,-88.682149,-88.682149
6998.42,0.022735675,-32.865843,0.022735675,-32.865843,-88.697230,-88.697230
7079.46,0.022475554,-32.965792,0.022475554,-32.965792,-88.712137,-88.712137
7161.43,0.022218407,-33.065742,0.022218407,-33.065742,-88.726874,-88.726874
7244.36,0.021964198,-33.165693,0.021964198,-33.165693,-88.741443,-88.741443
7328.25,0.021712895,-33.265645,0.021712895,-33.265645,-88.755845,-88.755845
7413.10,0.021464465,-33.365599,0.021464465,-33.365599,-88.770082,-88.770082
7498.94,0.021218874,-33.465553,0.021218874,-33.465553,-88.784157,-88.784157
7585.78,0.020976091,-33.565509,0.020976091,-33.565509,-88.798070,-88.798070
7673.61,0.020736084,-33.665465,0.020736084,-33.665465,-88.811825,-88.811825
7762.47,0.020498820,-33.765423,0.020498820,-33.765423,-88.825422,-88.825422
7852.36,0.020264269,-33.865381,0.020264269,-33.865381,-88.838863,-88.838863
7943.28,0.020032400,-33.965341,0.020032400,-33.965341,-88.852151,-88.852151
8035.26,0.019803181,-34.065301,0.019803181,-34.065301,-88.865287,-88.865287
8128.31,0.019576583,-34.165262,0.019576583,-34.165262,-88.878273,-88.878273
8222.43,0.019352576,-34.265224,0.019352576,-34.265224,-88.891110,-88.891110
8317.64,0.019131131,-34.365187,0.019131131,-34.365187,-88.903800,-88.903800
8413.95,0.018912217,-34.465151,0.018912217,-34.465151,-88.916345,-88.916345
8511.38,0.018695807,-34.565116,0.018695807,-34.565116,-88.928747,-88.928747
8609.94,0.018481871,-34.665081,0.018481871,-34.665081,-88.941006,-88.941006
8709.64,0.018270382,-34.765047,0.018270382,-34.765047,-88.953126,-88.953126
8810.49,0.018061312,-34.865014,0.018061312,-34.865014,-88.965107,-88.965107
8912.51,0.017854632,-34.964982,0.017854632,-34.964982,-88.976951,-88.976951
9015.71,0.017650315,-35.064951,0.017650315,-35.064951,-88.988659,-88.988659
9120.11,0.017448336,-35.164920,0.017448336,-35.164920,-89.000233,-89.000233
9225.71,0.017248666,-35.264890,0.017248666,-35.264890,-89.011675,-89.011675
9332.54,0.017051280,-35.364860,0.017051280,-35.364860,-89.022986,-89.022986
9440.61,0.016856151,-35.464832,0.016856151,-35.464832,-89.034168,-89.034168
9549.93,0.016663255,-35.564803,0.016663255,-35.564803,-89.045222,-89.045222
9660.51,0.016472564,-35.664776,0.016472564,-35.664776,-89.056149,-89.056149
9772.37,0.016284054,-35.764749,0.016284054,-35.764749,-89.066951,-89.066951
9885.53,0.016097701,-35.864723,0.016097701,-35.864723,-89.077630,-89.077630
10000.00,0.015913479,-35.964697,0.015913479,-35.964697,-89.088186,-89.088186
10115.79,0.015731364,-36.064672,0.015731364,-36.064672,-89.098622,-89.098622
10232.93,0.015551333,-36.164648,0.015551333,-36.164648,-89.108938,-89.108938
10351.42,0.015373360,-36.264624,0.015373360,-36.264624,-89.119137,-89.119137
10471.29,0.015197424,-36.364601,0.015197424,-36.364601,-89.129218,-89.129218
10592.54,0.015023500,-36.464578,0.015023500,-36.464578,-89.139184,-89.139184
10715.19,0.014851565,-36.564555,0.014851565,-36.564555,-89.149037,-89.149037
10839.27,0.014681598,-36.664534,0.014681598,-36.664534,-89.158776,-89.158776
10964.78,0.014513574,-36.764512,0.014513574,-36.764512,-89.168404,-89.168404
11091.75,0.014347473,-36.864491,0.014347473,-36.864491,-89.177922,-89.177922
11220.18,0.014183272,-36.964471,0.014183272,-36.964471,-89.187331,-89.187331
11350.11,0.014020950,-37.064451,0.014020950,-37.064451,-89.196632,-89.196632
11481.54,0.013860484,-37.164432,0.013860484,-37.164432,-89.205827,-89.205827
11614.49,0.013701855,-37.264413,0.013701855,-37.264413,-89.214917,-89.214917
11748.98,0.013545040,-37.364394,0.013545040,-37.364394,-89.223903,-89.223903
11885.02,0.013390019,-37.464376,0.013390019,-37.464376,-89.232785,-89.232785
12022.64,0.013236772,-37.564358,0.013236772,-37.564358,-89.241567,-89.241567
12161.86,0.013085278,-37.664341,0.013085278,-37.664341,-89.250247,-89.250247
12302.69,0.012935517,-37.764324,0.012935517,-37.764324,-89.258829,-89.258829
12445.15,0.012787470,-37.864308,0.012787470,-37.864308,-89.267312,-89.267312
12589.25,0.012641116,-37.964291,0.012641116,-37.964291,-89.275698,-89.275698
12735.03,0.012496437,-38.064276,0.012496437,-38.064276,-89.283988,-89.283988
12882.50,0.012353414,-38.164260,0.012353414,-38.164260,-89.292184,-89.292184
13031.67,0.012212027,-38.264245,0.012212027,-38.264245,-89.300285,-89.300285
13182.57,0.012072257,-38.364230,0.012072257,-38.364230,-89.308294,-89.308294
13335.21,0.011934087,-38.464216,0.011934087,-38.464216,-89.316211,-89.316211
13489.63,0.011797498,-38.564202,0.011797498,-38.564202,-89.324037,-89.324037
13645.83,0.011662471,-38.664188,0.011662471,-38.664188,-89.331774,-89.331774
13803.84,0.011528990,-38.764175,0.011528990,-38.764175,-89.339423,-89.339423
13963.68,0.011397036,-38.864162,0.011397036,-38.864162,-89.346984,-89.346984
14125.38,0.011266592,-38.964149,0.011266592,-38.964149,-89.354458,-89.354458
14288.94,0.011137640,-39.064136,0.011137640,-39.064136,-89.361847,-89.361847
14454.40,0.011010164,-39.164124,0.011010164,-39.164124,-89.369151,-89.369151
14621.77,0.010884147,-39.264112,0.010884147,-39.264112,-89.376372,-89.376372
14791.08,0.010759572,-39.364100,0.010759572,-39.364100,-89.383510,-89.383510
14962.36,0.010636422,-39.464089,0.010636422,-39.464089,-89.390566,-89.390566
15135.61,0.010514682,-39.564078,0.010514682,-39.564078,-89.397542,-89.397542
15310.87,0.010394334,-39.664067,0.010394334,-39.664067,-89.404438,-89.404438
15488.17,0.010275364,-39.764056,0.010275364,-39.764056,-89.411255,-89.411255
15667.51,0.010157755,-39.864045,0.010157755,-39.864045,-89.417994,-89.417994
15848.93,0.010041492,-39.964035,0.010041492,-39.964035,-89.424655,-89.424655
16032.45,0.009926559,-40.064025,0.009926559,-40.064025,-89.431241,-89.431241
16218.10,0.009812942,-40.164016,0.009812942,-40.164016,-89.437751,-89.437751
16405.90,0.009700625,-40.264006,0.009700625,-40.264006,-89.444186,-89.444186
16595.87,0.009589593,-40.363997,0.009589593,-40.363997,-89.450548,-89.450548
16788.04,0.009479831,-40.463988,0.009479831,-40.463988,-89.456838,-89.456838
16982.44,0.009371326,-40.563979,0.009371326,-40.563979,-89.463055,-89.463055
17179.08,0.009264063,-40.663970,0.009264063,-40.663970,-89.469201,-89.469201
17378.01,0.009158027,-40.763962,0.009158027,-40.763962,-89.475276,-89.475276
17579.24,0.009053205,-40.863953,0.009053205,-40.863953,-89.481283,-89.481283
17782.79,0.008949582,-40.963945,0.008949582,-40.963945,-89.487220,-89.487220
17988.71,0.008847145,-41.063937,0.008847145,-41.063937,-89.493089,-89.493089
18197.01,0.008745880,-41.163930,0.008745880,-41.163930,-89.498892,-89.498892
18407.72,0.008645774,-41.263922,0.008645774,-41.263922,-89.504627,-89.504627
18620.87,0.008546814,-41.363915,0.008546814,-41.363915,-89.510298,-89.510298
18836.49,0.008448987,-41.463907,0.008448987,-41.463907,-89.515903,-89.515903
19054.61,0.008352279,-41.563900,0.008352279,-41.563900,-89.521444,-89.521444
19275.25,0.008256678,-41.663893,0.008256678,-41.663893,-89.526922,-89.526922
19498.45,0.008162171,-41.763887,0.008162171,-41.763887,-89.532337,-89.532337
19724.23,0.008068745,-41.863880,0.008068745,-41.863880,-89.537690,-89.537690
19952.62,0.007976389,-41.963874,0.007976389,-41.963874,-89.542982,-89.542982
20183.66,0.007885090,-42.063867,0.007885090,-42.063867,-89.548213,-89.548213
20417.38,0.007794835,-42.163861,0.007794835,-42.163861,-89.553384,-89.553384
20653.80,0.007705614,-42.263855,0.007705614,-42.263855,-89.558496,-89.558496
20892.96,0.007617414,-42.363849,0.007617414,-42.363849,-89.563550,-89.563550
21134.89,0.007530223,-42.463844,0.007530223,-42.463844,-89.568546,-89.568546
21379.62,0.007444030,-42.563838,0.007444030,-42.563838,-89.573485,-89.573485
21627.19,0.007358823,-42.663833,0.007358823,-42.663833,-89.578367,-89.578367
21877.62,0.007274592,-42.763827,0.007274592,-42.763827,-89.583193,-89.583193
22130.95,0.007191325,-42.863822,0.007191325,-42.863822,-89.587964,-89.587964
22387.21,0.007109011,-42.963817,0.007109011,-42.963817,-89.592680,-89.592680
22646.44,0.007027638,-43.063812,0.007027638,-43.063812,-89.597343,-89.597343
22908.68,0.006947198,-43.163807,0.006947198,-43.163807,-89.601952,-89.601952
23173.95,0.006867677,-43.263802,0.006867677,-43.263802,-89.606508,-89.606508
23442.29,0.006789067,-43.363798,0.006789067,-43.363798,-89.611012,-89.611012
23713.74,0.006711357,-43.463793,0.006711357,-43.463793,-89.615465,-89.615465
23988.33,0.006634536,-43.563789,0.006634536,-43.563789,-89.619866,-89.619866
24266.10,0.006558595,-43.663784,0.006558595,-43.663784,-89.624218,-89.624218
24547.09,0.006483522,-43.763780,0.006483522,-43.763780,-89.628519,-89.628519
24831.33,0.006409309,-43.863776,0.006409309,-43.863776,-89.632771,-89.632771
25118.86,0.006335945,-43.963772,0.006335945,-43.963772,-89.636975,-89.636975
25409.73,0.006263421,-44.063768,0.006263421,-44.063768,-89.641130,-89.641130
25703.96,0.006191727,-44.163764,0.006191727,-44.163764,-89.645238,-89.645238
26001.60,0.006120854,-44.263760,0.006120854,-44.263760,-89.649299,-89.649299
26302.68,0.006050791,-44.363756,0.006050791,-44.363756,-89.653313,-89.653313
26607.25,0.005981531,-44.463753,0.005981531,-44.463753,-89.657281,-89.657281
26915.35,0.005913063,-44.563749,0.005913063,-44.563749,-89.661204,-89.661204
27227.01,0.005845379,-44.663746,0.005845379,-44.663746,-89.665083,-89.665083
27542.29,0.005778470,-44.763742,0.005778470,-44.763742,-89.668916,-89.668916
27861.21,0.005712327,-44.863739,0.005712327,-44.863739,-89.672706,-89.672706
28183.83,0.005646940,-44.963736,0.005646940,-44.963736,-89.676452,-89.676452
28510.18,0.005582302,-45.063733,0.005582302,-45.063733,-89.680156,-89.680156
28840.32,0.005518404,-45.163730,0.005518404,-45.163730,-89.683817,-89.683817
29174.27,0.005455238,-45.263727,0.005455238,-45.263727,-89.687436,-89.687436
29512.09,0.005392794,-45.363724,0.005392794,-45.363724,-89.691014,-89.691014
29853.83,0.005331065,-45.463721,0.005331065,-45.463721,-89.694551,-89.694551
30199.52,0.005270042,-45.563718,0.005270042,-45.563718,-89.698047,-89.698047
30549.21,0.005209718,-45.663715,0.005209718,-45.663715,-89.701504,-89.701504
30902.95,0.005150085,-45.763713,0.005150085,-45.763713,-89.704921,-89.704921
31260.79,0.005091134,-45.863710,0.005091134,-45.863710,-89.708298,-89.708298
31622.78,0.005032857,-45.963707,0.005032857,-45.963707,-89.711637,-89.711637
31988.95,0.004975248,-46.063705,0.004975248,-46.063705,-89.714938,-89.714938
32359.37,0.004918298,-46.163702,0.004918298,-46.163702,-89.718201,-89.718201
32734.07,0.004862000,-46.263700,0.004862000,-46.263700,-89.721427,-89.721427
33113.11,0.004806347,-46.363698,0.004806347,-46.363698,-89.724616,-89.724616
33496.54,0.004751330,-46.463695,0.004751330,-46.463695,-89.727768,-89.727768
33884.42,0.004696944,-46.563693,0.004696944,-46.563693,-89.730884,-89.730884
34276.78,0.004643179,-46.663691,0.004643179,-46.663691,-89.733964,-89.733964
34673.69,0.004590030,-46.763689,0.004590030,-46.763689,-89.737010,-89.737010
35075.19,0.004537490,-46.863687,0.004537490,-46.863687,-89.740020,-89.740020
35481.34,0.004485551,-46.963685,0.004485551,-46.963685,-89.742996,-89.742996
35892.19,0.004434206,-47.063683,0.004434206,-47.063683,-89.745938,-89.745938
36307.81,0.004383449,-47.163681,0.004383449,-47.163681,-89.748846,-89.748846
36728.23,0.004333273,-47.263679,0.004333273,-47.263679,-89.751721,-89.751721
37153.52,0.004283671,-47.363677,0.004283671,-47.363677,-89.754563,-89.754563
37583.74,0.004234637,-47.463675,0.004234637,-47.463675,-89.757372,-89.757372
38018.94,0.004186165,-47.563673,0.004186165,-47.563673,-89.760150,-89.760150
38459.18,0.004138247,-47.663672,0.004138247,-47.663672,-89.762895,-89.762895
38904.51,0.004090878,-47.763670,0.004090878,-47.763670,-89.765609,-89.765609
39355.01,0.004044051,-47.863668,0.004044051,-47.863668,-89.768292,-89.768292
39810.72,0.003997759,-47.963667,0.003997759,-47.963667,-89.770945,-89.770945
40271.70,0.003951998,-48.063665,0.003951998,-48.063665,-89.773567,-89.773567
40738.03,0.003906761,-48.163664,0.003906761,-48.163664,-89.776159,-89.776159
41209.75,0.003862041,-48.263662,0.003862041,-48.263662,-89.778721,-89.778721
41686.94,0.003817833,-48.363661,0.003817833,-48.363661,-89.781254,-89.781254
42169.65,0.003774132,-48.463659,0.003774132,-48.463659,-89.783758,-89.783758
42657.95,0.003730930,-48.563658,0.003730930,-48.563658,-89.786233,-89.786233
43151.91,0.003688223,-48.663656,0.003688223,-48.663656,-89.788680,-89.788680
43651.58,0.003646005,-48.763655,0.003646005,-48.763655,-89.791099,-89.791099
44157.04,0.003604270,-48.863654,0.003604270,-48.863654,-89.793490,-89.793490
44668.36,0.003563013,-48.963653,0.003563013,-48.963653,-89.795854,-89.795854
45185.59,0.003522228,-49.063651,0.003522228,-49.063651,-89.798191,-89.798191
45708.82,0.003481910,-49.163650,0.003481910,-49.163650,-89.800501,-89.800501
46238.10,0.003442053,-49.263649,0.003442053,-49.263649,-89.802784,-89.802784
46773.51,0.003402653,-49.363648,0.003402653,-49.363648,-89.805042,-89.805042
47315.13,0.003363703,-49.463647,0.003363703,-49.463647,-89.807274,-89.807274
47863.01,0.003325200,-49.563645,0.003325200,-49.563645,-89.809480,-89.809480
48417.24,0.003287137,-49.663644,0.003287137,-49.663644,-89.811661,-89.811661
48977.88,0.003249510,-49.763643,0.003249510,-49.763643,-89.813816,-89.813816
49545.02,0.003212313,-49.863642,0.003212313,-49.863642,-89.815948,-89.815948
50118.72,0.003175543,-49.963641,0.003175543,-49.963641,-89.818055,-89.818055
50699.07,0.003139193,-50.063640,0.003139193,-50.063640,-89.820137,-89.820137
51286.14,0.003103259,-50.163639,0.003103259,-50.163639,-89.822196,-89.822196
51880.00,0.003067737,-50.263638,0.003067737,-50.263638,-89.824231,-89.824231
52480.75,0.003032621,-50.363637,0.003032621,-50.363637,-89.826243,-89.826243
53088.44,0.002997907,-50.463636,0.002997907,-50.463636,-89.828232,-89.828232
53703.18,0.002963591,-50.563636,0.002963591,-50.563636,-89.830199,-89.830199
54325.03,0.002929667,-50.663635,0.002929667,-50.663635,-89.832142,-89.832142
54954.09,0.002896132,-50.763634,0.002896132,-50.763634,-89.834064,-89.834064
55590.43,0.002862980,-50.863633,0.002862980,-50.863633,-89.835963,-89.835963
56234.13,0.002830208,-50.963632,0.002830208,-50.963632,-89.837841,-89.837841
56885.29,0.002797811,-51.063631,0.002797811,-51.063631,-89.839697,-89.839697
57543.99,0.002765785,-51.163631,0.002765785,-51.163631,-89.841532,-89.841532
58210.32,0.002734126,-51.263630,0.002734126,-51.263630,-89.843346,-89.843346
58884.37,0.002702829,-51.363629,0.002702829,-51.363629,-89.845139,-89.845139
59566.21,0.002671890,-51.463628,0.002671890,-51.463628,-89.846912,-89.846912
60255.96,0.002641305,-51.563628,0.002641305,-51.563628,-89.848664,-89.848664
60953.69,0.002611071,-51.663627,0.002611071,-51.663627,-89.850396,-89.850396
61659.50,0.002581182,-51.763626,0.002581182,-51.763626,-89.852109,-89.852109
62373.48,0.002551636,-51.863626,0.002551636,-51.863626,-89.853802,-89.853802
63095.73,0.002522428,-51.963625,0.002522428,-51.963625,-89.855475,-89.855475
63826.35,0.002493554,-52.063624,0.002493554,-52.063624,-89.857130,-89.857130
64565.42,0.002465011,-52.163624,0.002465011,-52.163624,-89.858765,-89.858765
65313.06,0.002436794,-52.263623,0.002436794,-52.263623,-89.860382,-89.860382
66069.34,0.002408901,-52.363623,0.002408901,-52.363623,-89.861980,-89.861980
66834.39,0.002381326,-52.463622,0.002381326,-52.463622,-89.863560,-89.863560
67608.30,0.002354068,-52.563621,0.002354068,-52.563621,-89.865122,-89.865122
68391.16,0.002327121,-52.663621,0.002327121,-52.663621,-89.866666,-89.866666
69183.10,0.002300483,-52.763620,0.002300483,-52.763620,-89.868192,-89.868192
69984.20,0.002274149,-52.863620,0.002274149,-52.863620,-89.869701,-89.869701
70794.58,0.002248118,-52.963619,0.002248118,-52.963619,-89.871192,-89.871192
71614.34,0.002222384,-53.063619,0.002222384,-53.063619,-89.872667,-89.872667
72443.60,0.002196944,-53.163618,0.002196944,-53.163618,-89.874124,-89.874124
73282.45,0.002171796,-53.263618,0.002171796,-53.263618,-89.875565,-89.875565
74131.02,0.002146936,-53.363617,0.002146936,-53.363617,-89.876990,-89.876990
74989.42,0.002122360,-53.463617,0.002122360,-53.463617,-89.878398,-89.878398
75857.76,0.002098066,-53.563616,0.002098066,-53.563616,-89.879790,-89.879790
76736.15,0.002074050,-53.663616,0.002074050,-53.663616,-89.881166,-89.881166
77624.71,0.002050309,-53.763616,0.002050309,-53.763616,-89.882526,-89.882526
78523.56,0.002026839,-53.863615,0.002026839,-53.863615,-89.883871,-89.883871
79432.82,0.002003638,-53.963615,0.002003638,-53.963615,-89.885200,-89.885200
80352.61,0.001980703,-54.063614,0.001980703,-54.063614,-89.886514,-89.886514
81283.05,0.001958030,-54.163614,0.001958030,-54.163614,-89.887813,-89.887813
82224.26,0.001935617,-54.263614,0.001935617,-54.263614,-89.889097,-89.889097
83176.38,0.001913460,-54.363613,0.001913460,-54.363613,-89.890367,-89.890367
84139.51,0.001891557,-54.463613,0.001891557,-54.463613,-89.891622,-89.891622
85113.80,0.001869904,-54.563613,0.001869904,-54.563613,-89.892862,-89.892862
86099.38,0.001848500,-54.663612,0.001848500,-54.663612,-89.894089,-89.894089
87096.36,0.001827340,-54.763612,0.001827340,-54.763612,-89.895301,-89.895301
88104.89,0.001806423,-54.863612,0.001806423,-54.863612,-89.896500,-89.896500
89125.09,0.001785745,-54.963611,0.001785745,-54.963611,-89.897684,-89.897684
90157.11,0.001765304,-55.063611,0.001765304,-55.063611,-89.898855,-89.898855
91201.08,0.001745097,-55.163611,0.001745097,-55.163611,-89.900013,-89.900013
92257.14,0.001725121,-55.263610,0.001725121,-55.263610,-89.901158,-89.901158
93325.43,0.001705373,-55.363610,0.001705373,-55.363610,-89.902289,-89.902289
94406.09,0.001685852,-55.463610,0.001685852,-55.463610,-89.903408,-89.903408
95499.26,0.001666555,-55.563609,0.001666555,-55.563609,-89.904513,-89.904513
96605.09,0.001647478,-55.663609,0.001647478,-55.663609,-89.905606,-89.905606
97723.72,0.001628619,-55.763609,0.001628619,-55.763609,-89.906687,-89.906687
98855.31,0.001609977,-55.863609,0.001609977,-55.863609,-89.907755,-89.907755
100000.00,0.001591547,-55.963608,0.001591547,-55.963608,-89.908811,-89.908811
